Date,Time,"CPU (Tctl/Tdie) [°C]","CPU 패키지 전력 소비 [W]","CPU PPT [W]","CPU [°C]",
02.11.2025,8:44:30.949,43.0,29.628,29.636,43.0,
02.11.2025,8:44:32.941,43.2,33.604,33.645,43.0,
02.11.2025,8:44:34.950,54.1,62.415,62.812,47.0,
02.11.2025,8:44:36.939,57.0,76.007,76.001,55.0,
02.11.2025,8:44:38.950,58.0,75.997,75.999,57.0,
02.11.2025,8:44:40.945,58.5,75.964,76.000,58.0,
02.11.2025,8:44:42.948,58.8,76.019,76.000,58.0,
02.11.2025,8:44:44.935,59.0,75.979,76.000,58.0,
02.11.2025,8:44:46.937,59.1,75.977,76.000,59.0,
02.11.2025,8:44:48.941,59.4,76.019,76.000,59.0,
02.11.2025,8:44:50.945,59.5,75.980,76.001,59.0,
02.11.2025,8:44:52.948,59.8,75.986,76.000,59.0,
02.11.2025,8:44:54.938,60.6,75.997,76.000,60.0,
02.11.2025,8:44:56.943,60.5,75.988,76.000,60.0,
02.11.2025,8:44:58.946,60.5,76.009,75.998,60.0,
02.11.2025,8:45:0.949,60.5,75.987,76.001,60.0,
02.11.2025,8:45:2.954,60.5,76.003,76.000,60.0,
02.11.2025,8:45:4.958,60.6,75.981,75.999,60.0,
02.11.2025,8:45:6.961,60.8,76.005,76.000,60.0,
02.11.2025,8:45:8.966,60.8,75.978,76.000,60.0,
02.11.2025,8:45:10.971,60.9,76.005,76.001,60.0,
02.11.2025,8:45:12.977,61.0,75.963,76.000,60.0,
02.11.2025,8:45:14.965,61.0,76.018,76.000,61.0,
02.11.2025,8:45:16.968,61.1,75.965,76.000,61.0,
02.11.2025,8:45:18.971,61.1,76.016,76.000,61.0,
02.11.2025,8:45:20.975,61.2,75.983,76.000,61.0,
02.11.2025,8:45:22.979,61.2,75.988,76.000,61.0,
02.11.2025,8:45:24.965,61.4,75.992,76.000,61.0,
02.11.2025,8:45:26.968,61.4,75.993,75.999,61.0,
02.11.2025,8:45:28.972,61.5,76.008,76.000,61.0,
02.11.2025,8:45:30.975,61.6,75.975,76.000,61.0,
02.11.2025,8:45:32.978,61.6,75.994,76.001,61.0,
02.11.2025,8:45:34.967,61.8,75.975,75.999,61.0,
02.11.2025,8:45:36.970,61.8,76.016,76.000,61.0,
02.11.2025,8:45:38.973,61.8,75.974,76.000,61.0,
02.11.2025,8:45:40.975,61.8,76.000,76.001,61.0,
02.11.2025,8:45:42.978,61.9,75.975,75.999,61.0,
02.11.2025,8:45:44.967,61.9,76.000,76.000,61.0,
02.11.2025,8:45:46.971,61.9,75.995,76.000,61.0,
02.11.2025,8:45:48.974,61.9,76.004,76.000,61.0,
02.11.2025,8:45:50.977,62.0,75.974,75.999,62.0,
02.11.2025,8:45:52.981,62.0,75.994,76.000,62.0,
02.11.2025,8:45:54.984,62.0,76.016,76.001,62.0,
02.11.2025,8:45:56.987,62.0,75.975,76.000,62.0,
02.11.2025,8:45:58.989,62.0,75.978,76.001,62.0,
02.11.2025,8:46:0.992,62.0,76.021,76.000,62.0,
02.11.2025,8:46:2.994,62.1,75.973,75.999,62.0,
02.11.2025,8:46:4.998,62.1,76.008,76.000,62.0,
02.11.2025,8:46:7.000,62.1,75.971,76.001,62.0,
02.11.2025,8:46:9.003,62.1,75.992,76.000,62.0,
02.11.2025,8:46:11.006,62.1,75.979,76.000,62.0,
02.11.2025,8:46:13.009,62.1,76.023,76.000,62.0,
02.11.2025,8:46:14.996,62.1,75.990,76.000,62.0,
02.11.2025,8:46:16.998,62.1,75.992,76.000,62.0,
02.11.2025,8:46:19.001,62.1,75.988,76.000,62.0,
02.11.2025,8:46:21.004,62.1,75.986,76.001,62.0,
02.11.2025,8:46:23.007,62.1,75.996,76.000,62.0,
02.11.2025,8:46:25.009,62.1,75.980,76.001,62.0,
02.11.2025,8:46:27.012,62.1,76.009,75.999,62.0,
02.11.2025,8:46:28.999,62.1,75.998,76.001,62.0,
02.11.2025,8:46:30.997,59.2,39.001,38.597,60.0,
02.11.2025,8:46:33.008,55.6,26.054,26.048,56.0,
02.11.2025,8:46:35.008,52.5,25.656,25.670,53.0,
02.11.2025,8:46:37.005,50.1,26.821,26.815,50.0,
02.11.2025,8:46:39.002,48.0,25.971,25.980,48.0,
02.11.2025,8:46:40.999,46.2,25.976,25.998,46.0,
02.11.2025,8:46:43.013,45.0,25.928,25.926,45.0,
02.11.2025,8:46:45.025,43.9,25.460,25.506,44.0,
02.11.2025,8:46:47.022,42.9,25.956,25.935,43.0,
02.11.2025,8:46:49.020,42.4,25.900,25.903,42.0,
02.11.2025,8:46:51.019,41.9,25.814,25.817,41.0,
02.11.2025,8:46:53.019,47.0,30.693,30.837,44.0,
02.11.2025,8:46:55.016,46.5,27.906,27.790,47.0,
02.11.2025,8:46:57.029,44.9,25.316,25.309,45.0,
02.11.2025,8:46:59.029,43.6,25.524,25.544,44.0,
02.11.2025,8:47:1.044,42.6,25.605,25.618,42.0,
02.11.2025,8:47:3.058,41.9,25.483,25.484,42.0,
02.11.2025,8:47:5.057,41.1,25.030,25.046,41.0,
02.11.2025,8:47:7.056,40.8,25.265,25.267,41.0,
02.11.2025,8:47:9.055,40.4,25.525,25.535,40.0,
02.11.2025,8:47:11.053,40.1,25.556,25.573,40.0,
02.11.2025,8:47:13.048,39.9,25.625,25.608,40.0,
02.11.2025,8:47:15.048,39.5,25.307,25.321,39.0,
02.11.2025,8:47:17.045,39.2,25.097,25.078,39.0,
02.11.2025,8:47:19.060,39.4,25.417,25.449,39.0,
02.11.2025,8:47:21.074,39.1,25.221,25.228,39.0,
02.11.2025,8:47:23.070,39.0,25.716,25.735,39.0,
02.11.2025,8:47:25.068,39.1,25.547,25.596,39.0,
02.11.2025,8:47:27.063,38.9,25.552,25.576,39.0,
02.11.2025,8:47:29.060,39.8,29.519,29.464,40.0,
02.11.2025,8:47:31.075,39.8,25.525,25.539,39.0,
